INSERT INTO Buses (BusBrand, BusModel, BusYearOfManufacture, BusLicensePlate, BusCapacity, BusStatus)
VALUES
('ЛиАЗ',			'5292',			2004, 'А123ВС 77', 85,	'В эксплуатации'),
('ПАЗ',				'3205',			1989, 'В456НЕ 50', 23,	'Списан'),
('МАЗ',				'203',			2006, 'С789ОР 23', 100,	'На ремонте'),
('Hyundai',			'Universe',		2007, 'Т345ЕК 78', 45,	'Списан'),
('Mercedes-Benz',	'Citaro',		1997, 'У678МН 63', 80,	'Списан'),
('Volvo',			'B9R',			2006, 'Е912ТС 42', 50,	'В эксплуатации'),
('MAN',				'Lions City',	2004, 'Н234КО 29', 85,	'В эксплуатации'),
('Scania',			'OmniLink',		1998, 'Р567МН 16', 70,	'Списан'),
('Neoplan',			'Starliner',	1996, 'К890УР 34', 50,	'Списан'),
('ЛАЗ',				'695',			1956, 'О123ТС 59', 37,	'Списан'),
('ЗиЛ',				'158',			1957, 'М456ВА 97', 60,	'Списан'),
('Икарус',			'250',			1971, 'Л789КН 64', 45,	'Списан'),
('КАвЗ',			'4238',			2004, 'С345ОР 47', 35,	'В эксплуатации'),
('Ford',			'Transit Bus',	2000, 'Т678ЕК 22', 18,	'В эксплуатации'),
('Higer',			'KLQ6129',		2010, 'У912МС 61', 51,	'В эксплуатации'),
('King Long',		'XMQ6127',		2008, 'Е234НО 76', 53,	'На ремонте'),
('BYD',				'K9',			2010, 'Н567МК 25', 60,	'В эксплуатации'),
('Golden Dragon',	'XML6125',		2012, 'Р890УР 48', 49,	'В эксплуатации'),
('ГАЗель',			'NEXT',			2013, 'К123ТЕ 31', 18,	'В эксплуатации'),
('КамАЗ',			'6282',			2015, 'О456ВС 36', 85,	'В эксплуатации'),
('Van Hool',		'EX16',			2015, 'М789ОР 74', 55,	'В эксплуатации'),
('Setra',			'S 415',		2000, 'Н345ЕН 77', 49,	'На ремонте'),
('Tata',			'Starbus',		2005, 'С678КЕ 99', 40,	'На ремонте'),
('Ashok Leyland',	'Lynx Smart',	2018, 'Т912МН 54', 36,	'В эксплуатации'),
('Solaris',			'Urbino 12',	1999, 'У234ТС 45', 85,	'Списан'),
('Ивеко',			'Daily',		1999, 'Е567КО 66', 19,	'Списан'),
('Bogdan',			'A092',			2000, 'Н890УР 89', 30,	'На ремонте'),
('VDL',				'Futura FDD2',	2015, 'Р123НС 40', 96,	'В эксплуатации'),
('Yutong',			'ZK6129H',		2010, 'К456РО 52', 50,	'В эксплуатации'),
('Hino',			'Blue Ribbon',	1996, 'О789МК 86', 78,	'Списан'),
('Daewoo',			'BH120F',		2000, 'М345УР 77', 45,	'В эксплуатации'),
('Nissan',			'Civilian',		1996, 'Н678ТЕ 98', 29,	'Списан'),
('Toyota',			'Coaster',		1969, 'С912ВА 82', 30,	'Списан'),
('Isuzu',			'Gala',			1996, 'Т234ОР 72', 53,	'Списан'),
('FAW',				'CA6120',		2008, 'У567ЕН 93', 47,	'В эксплуатации'),
('ЛиАЗ',			'677',			1967, 'Е890КЕ 35', 87,	'Списан'),
('ПАЗ',				'4234',			1998, 'Н123МН 44', 32,	'Списан'),
('МАЗ',				'206',			2006, 'Р456ТС 30', 72,	'На ремонте'),
('Hyundai',			'County',		1998, 'К789КО 70', 29,	'Списан'),
('Mercedes-Benz',	'Tourismo',		1994, 'О345УР 96', 55,	'Списан'),
('Volvo',			'9700',			2001, 'М678НС 65', 53,	'В эксплуатации'),
('MAN',				'Lions Coach',	1996, 'Н912РО 27', 55,	'Списан'),
('Scania',			'Citywide',		2011, 'С234МК 53', 100,	'В эксплуатации'),
('Neoplan',			'Cityliner',	1971, 'Т567УР 83', 50,	'Списан'),
('ЛАЗ',				'4207',			1993, 'У890ТЕ 73', 45,	'Списан'),
('ЗиЛ',				'3250',			1994, 'Е123ВС 85', 25,	'Списан'),
('Икарус',			'260',			1972, 'Н456ОР 39', 110,	'Списан'),
('King Long',		'XMQ6180G',		2012, 'Р789ЕН 19', 150,	'В эксплуатации'),
('BYD',				'C8',			2016, 'К345КЕ 21', 50,	'В эксплуатации'),
('ГАЗель',			'NEXT',			2016, 'О678МН 75', 53,	'В эксплуатации');


INSERT INTO Workers (WorkerLastName, WorkerFirstName, WorkerMiddleName, WorkerPosition, WorkerContacts, WorkerHireDate)
VALUES
('Иванов',		'Иван',			'Иванович',			'Водитель',		'7-915-682-09-14', '2023-01-12'),
('Петров',		'Петр',			'Петрович',			'Водитель',		'7-916-123-45-67', '2022-04-22'),
('Сидоров',		'Сидор',		'Сидорович',		'Водитель',		'7-919-876-54-32', '2021-08-15'),
('Михайлов',	'Михаил',		'Михайлович',		'Водитель',		'7-917-234-56-78', '2020-11-30'),
('Кузнецов',	'Алексей',		'Сергеевич',		'Водитель',		'7-918-654-32-10', '2022-06-17'),
('Павлов',		'Анатолий',		'Михайлович',		'Водитель',		'7-914-765-43-21', '2021-12-09'),
('Смирнов',		'Дмитрий',		'Викторович',		'Водитель',		'7-915-432-10-98', '2023-01-05'),
('Новиков',		'Владимир',		'Григорьевич',		'Водитель',		'7-916-324-56-90', '2022-02-02'),
('Романов',		'Денис',		'Николаевич',		'Водитель',		'7-917-908-67-14', '2022-10-11'),
('Васильев',	'Сергей',		'Васильевич',		'Водитель',		'7-918-435-67-32', '2021-03-23'),
('Коновалов',	'Константин',	'Игоревич',			'Водитель',		'7-919-123-45-89', '2023-02-14'),
('Григорьев',	'Григорий',		'Геннадиевич',		'Водитель',		'7-916-676-54-10', '2020-07-30'),
('Федоров',		'Игорь',		'Сергеевич',		'Водитель',		'7-915-986-54-33', '2022-09-16'),
('Шевченко',	'Евгений',		'Анатольевич',		'Водитель',		'7-918-745-33-12', '2021-10-03'),
('Жуков',		'Роман',		'Ильич',			'Водитель',		'7-914-879-12-23', '2022-11-22'),
('Тимофеев',	'Максим',		'Петрович',			'Водитель',		'7-917-345-67-09', '2020-08-28'),
('Левин',		'Олег',			'Юрьевич',			'Водитель',		'7-916-512-09-87', '2023-03-01'),
('Калинин',		'Виталий',		'Александрович',	'Водитель',		'7-915-234-56-01', '2021-04-19'),
('Королев',		'Павел',		'Анатольевич',		'Водитель',		'7-919-653-21-11', '2022-12-05'),
('Белоусов',	'Вадим',		'Дмитриевич',		'Водитель',		'7-918-432-09-56', '2020-09-10'),
('Гончаров',	'Даниил',		'Николаевич',		'Водитель',		'7-919-876-09-54', '2023-01-19'),
('Морозов',		'Александр',	'Федорович',		'Диспетчер',	'7-915-547-32-67', '2021-06-30'),
('Воронова',	'Елена',		'Владимировна',		'Диспетчер',	'7-917-643-98-22', '2020-12-15'),
('Ковалев',		'Андрей',		'Станиславович',	'Диспетчер',	'7-918-412-56-23', '2022-07-12'),
('Демидова',	'Ирина',		'Петровна',			'Кассир',		'7-916-243-09-81', '2021-02-27'),
('Соколова',	'Марина',		'Александровна',	'Кассир',		'7-915-345-89-11', '2023-05-15'),
('Яковлева',	'Татьяна',		'Вячеславовна',		'Кассир',		'7-918-654-23-34', '2022-01-22'),
('Сергеев',		'Олег',			'Николаевич',		'Механик',		'7-919-453-23-67', '2021-07-09'),
('Тихонов',		'Роман',		'Валерьевич',		'Механик',		'7-915-837-21-44', '2020-10-25'),
('Калашников',	'Никита',		'Вячеславович',		'Механик',		'7-917-945-67-31', '2022-04-18'),
('Марков',		'Станислав',	'Владимирович',		'Механик',		'7-919-674-32-11', '2023-03-07'),
('Владимиров',	'Григорий',		'Михайлович',		'Механик',		'7-918-210-56-09', '2022-08-13'),
('Гончаров',	'Петр',			'Сергеевич',		'Механик',		'7-915-498-64-23', '2021-01-14'),
('Тимофеев',	'Роман',		'Викторович',		'Механик',		'7-917-672-09-34', '2022-09-09'),
('Боровиков',	'Алексей',		'Андреевич',		'Механик',		'7-916-543-98-11', '2020-11-01'),
('Баранов',		'Игорь',		'Юрьевич',			'Механик',		'7-918-211-23-12', '2023-02-25'),
('Косарев',		'Юрий',			'Дмитриевич',		'Механик',		'7-919-786-90-21', '2021-12-16'),
('Зайцев',		'Дмитрий',		'Федорович',		'Уборщик',		'7-916-987-54-99', '2022-03-14'),
('Воробьев',	'Сергей',		'Евгеньевич',		'Уборщик',		'7-918-673-45-23', '2020-05-25'),
('Лебедев',		'Максим',		'Александрович',	'Уборщик',		'7-919-234-67-54', '2022-10-08'),
('Горбунов',	'Николай',		'Андреевич',		'Уборщик',		'7-915-890-12-78', '2021-01-30'),
('Мартынов',	'Юрий',			'Викторович',		'Уборщик',		'7-917-564-90-32', '2023-03-12'),
('Чернов',		'Евгений',		'Михайлович',		'Уборщик',		'7-916-732-98-61', '2022-12-01'),
('Котов',		'Илья',			'Станиславович',	'Уборщик',		'7-915-234-12-54', '2021-04-10'),
('Иванов',		'Александр',    'Петрович',			'Кассир',		'7-912-345-67-89', '2023-01-15'),
('Петров',		'Сергей',       'Иванович',			'Кассир',		'7-913-456-78-90', '2023-02-10'),
('Сидоров',		'Николай',      'Александрович',	'Кассир',		'7-914-567-89-01', '2023-03-22'),
('Морозова',	'Татьяна',      'Викторовна',		'Кассир',		'7-915-678-90-12', '2023-04-30'),
('Кузнецов',	'Анатолий',     'Владимирович',		'Механик',		'7-916-789-01-23', '2022-11-18'),
('Федоров',		'Виктор',       'Михайлович',		'Механик',		'7-917-890-12-34', '2022-10-05');


INSERT INTO Flights (BusID, DeparturePoint, DepartureDate, DepartureTime, ArrivalPoint, ArrivalDate, ArrivalTime)
VALUES
(1,		'Москва',			'2024-11-20', '08:00', 'Тула',				'2024-11-20', '10:30'),
(2,		'Санкт-Петербург',	'2024-11-21', '09:15', 'Псков',				'2024-11-21', '11:30'),
(3,		'Воронеж',			'2024-11-22', '10:00', 'Ростов-на-Дону',	'2024-11-22', '13:00'),
(4,		'Краснодар',		'2024-11-23', '07:45', 'Сочи',				'2024-11-23', '09:30'),
(5,		'Новосибирск',		'2024-11-24', '12:30', 'Барнаул',			'2024-11-24', '14:30'),
(6,		'Казань',			'2024-11-25', '10:00', 'Набережные Челны',	'2024-11-25', '12:00'),
(7,		'Томск',			'2024-11-26', '06:30', 'Кемерово',			'2024-11-26', '09:00'),
(8,		'Иркутск',			'2024-11-27', '14:00', 'Улан-Удэ',			'2024-11-27', '17:00'),
(9,		'Екатеринбург',		'2024-11-28', '08:30', 'Челябинск',			'2024-11-28', '10:00'),
(10,	'Самара',			'2024-11-29', '11:00', 'Ульяновск',			'2024-11-29', '12:30'),
(11,	'Пермь',			'2024-11-30', '07:45', 'Нижний Новгород',	'2024-11-30', '10:30'),
(12,	'Саранск',			'2024-12-01', '09:00', 'Саратов',			'2024-12-01', '11:00'),
(13,	'Рязань',			'2024-12-02', '06:00', 'Владимир',			'2024-12-02', '08:00'),
(14,	'Чебоксары',		'2024-12-03', '10:00', 'Казань',			'2024-12-03', '12:00'),
(15,	'Оренбург',			'2024-12-04', '13:00', 'Омск',				'2024-12-04', '16:30'),
(16,	'Тверь',			'2024-12-05', '12:00', 'Вологда',			'2024-12-05', '14:00'),
(17,	'Астрахань',		'2024-12-06', '11:00', 'Махачкала',			'2024-12-06', '14:00'),
(18,	'Ярославль',		'2024-12-07', '15:00', 'Кострома',			'2024-12-07', '17:00'),
(19,	'Хабаровск',		'2024-12-08', '09:00', 'Благовещенск',		'2024-12-08', '12:30'),
(20,	'Томск',			'2024-12-09', '06:15', 'Новосибирск',		'2024-12-09', '09:00'),
(21,	'Уфа',				'2024-12-10', '14:30', 'Оренбург',			'2024-12-10', '17:00'),
(22,	'Калуга',			'2024-12-11', '12:45', 'Брянск',			'2024-12-11', '14:30'),
(23,	'Саратов',			'2024-12-12', '10:30', 'Волгоград',			'2024-12-12', '13:30'),
(24,	'Нижний Новгород',	'2024-12-13', '13:15', 'Владимир',			'2024-12-13', '15:30'),
(25,	'Курск',			'2024-12-14', '09:00', 'Белгород',			'2024-12-14', '11:30'),
(26,	'Ставрополь',		'2024-12-15', '10:45', 'Владикавказ',		'2024-12-15', '13:00'),
(27,	'Чита',				'2024-12-16', '13:30', 'Бурятия',			'2024-12-16', '16:30'),
(28,	'Владивосток',		'2024-12-17', '08:00', 'Арсеньев',			'2024-12-17', '10:30'),
(29,	'Мурманск',			'2024-12-18', '12:00', 'Архангельск',		'2024-12-18', '14:30'),
(30,	'Калининград',		'2024-12-19', '09:30', 'Вильнюс',			'2024-12-19', '11:00'),
(31,	'Ростов-на-Дону',	'2024-12-20', '07:45', 'Воронеж',			'2024-12-20', '10:00'),
(32,	'Магнитогорск',		'2024-12-21', '11:00', 'Челябинск',			'2024-12-21', '13:00'),
(33,	'Нижний Новгород',	'2024-12-22', '09:30', 'Москва',			'2024-12-22', '11:30'),
(34,	'Кемерово',			'2024-12-23', '10:00', 'Новокузнецк',		'2024-12-23', '12:30'),
(35,	'Ульяновск',		'2024-12-24', '07:30', 'Саратов',			'2024-12-24', '09:45'),
(36,	'Тула',				'2024-12-25', '08:00', 'Москва',			'2024-12-25', '10:00'),
(37,	'Орёл',				'2024-12-26', '13:00', 'Курск',				'2024-12-26', '15:30'),
(38,	'Псков',			'2024-12-27', '14:00', 'Санкт-Петербург',	'2024-12-27', '16:00'),
(39,	'Воронеж',			'2024-12-28', '11:30', 'Белгород',			'2024-12-28', '13:00'),
(40,	'Сочи',				'2024-12-29', '16:00', 'Краснодар',			'2024-12-29', '18:00'),
(41,	'Тверь',			'2024-12-30', '10:30', 'Москва',			'2024-12-30', '12:30'),
(42,	'Омск',				'2024-12-31', '12:00', 'Кемерово',			'2024-12-31', '15:00'),
(43,	'Челябинск',		'2025-01-01', '14:30', 'Екатеринбург',		'2025-01-01', '16:30'),
(44,	'Ярославль',		'2025-01-02', '09:00', 'Владимир',			'2025-01-02', '10:30'),
(45,	'Архангельск',		'2025-01-03', '06:00', 'Санкт-Петербург',	'2025-01-03', '09:00'),
(46,	'Владимир',			'2025-01-04', '15:30', 'Москва',			'2025-01-04', '18:00'),
(47,	'Кострома',			'2025-01-05', '12:00', 'Ярославль',			'2025-01-05', '13:30'),
(48,	'Волгоград',		'2025-01-06', '14:00', 'Саратов',			'2025-01-06', '16:00'),
(49,	'Красноярск',		'2025-01-07', '10:00', 'Иркутск',			'2025-01-07', '13:00'),
(50,	'Казань',			'2025-01-08', '07:30', 'Нижний Новгород',	'2025-01-08', '09:30');


INSERT INTO Tickets (FlightID, TicketType, TicketPrice, TicketStatus)
VALUES
(1, 'Стандартный',	1200,	'Доступен'),
(1, 'Льготный',		700,	'Доступен'),
(1, 'Премиум',		1800,	'Доступен'),
(2, 'Стандартный',	1000,	'Продан'),
(2, 'Льготный',		600,	'Доступен'),
(2, 'Премиум',		1700,	'Продан'),
(3, 'Стандартный',	1500,	'Доступен'),
(3, 'Льготный',		900,	'Доступен'),
(3, 'Премиум',		2200,	'Доступен'),
(4, 'Стандартный',	950,	'Продан'),
(4, 'Льготный',		550,	'Доступен'),
(4, 'Премиум',		1500,	'Доступен'),
(5, 'Стандартный',	1100,	'Доступен'),
(5, 'Льготный',		650,	'Доступен'),
(5, 'Премиум',		1600,	'Продан'),
(6, 'Стандартный',	1350,	'Доступен'),
(6, 'Льготный',		800,	'Доступен'),
(6, 'Премиум',		2000,	'Доступен'),
(7, 'Стандартный',	950,	'Продан'),
(7, 'Льготный',		550,	'Доступен'),
(7, 'Премиум',		1700,	'Доступен'),
(8, 'Стандартный',	1600,	'Доступен'),
(8, 'Льготный',		950,	'Доступен'),
(8, 'Премиум',		2400,	'Продан'),
(9, 'Стандартный',	1300,	'Доступен'),
(9, 'Льготный',		750,	'Продан'),
(9, 'Премиум',		2100,	'Доступен'),
(10, 'Стандартный', 1200,	'Доступен'),
(10, 'Льготный',	700,	'Доступен'),
(10, 'Премиум',		1800,	'Доступен'),
(11, 'Стандартный', 1350,	'Продан'),
(11, 'Льготный',	800,	'Доступен'),
(11, 'Премиум',		1900,	'Доступен'),
(12, 'Стандартный', 1400,	'Доступен'),
(12, 'Льготный',	850,	'Доступен'),
(12, 'Премиум',		2000,	'Продан'),
(13, 'Стандартный', 1250,	'Доступен'),
(13, 'Льготный',	750,	'Продан'),
(13, 'Премиум',		1900,	'Доступен'),
(14, 'Стандартный', 1300,	'Доступен'),
(14, 'Льготный',	750,	'Доступен'),
(14, 'Премиум',		1900,	'Продан'),
(15, 'Стандартный', 1700,	'Доступен'),
(15, 'Льготный',	1000,	'Доступен'),
(15, 'Премиум',		2400,	'Доступен'),
(16, 'Стандартный', 1500,	'Продан'),
(16, 'Льготный',	850,	'Доступен'),
(16, 'Премиум',		2200,	'Доступен'),
(17, 'Стандартный', 950,	'Доступен'),
(17, 'Льготный',	600,	'Продан'),
(17, 'Премиум',		1700,	'Доступен'),
(18, 'Стандартный', 1200,	'Доступен'),
(18, 'Льготный',	700,	'Доступен'),
(18, 'Премиум',		1800,	'Продан'),
(19, 'Стандартный', 1800,	'Доступен'),
(19, 'Льготный',	1000,	'Доступен'),
(19, 'Премиум',		2500,	'Продан'),
(20, 'Стандартный', 1100,	'Доступен'),
(20, 'Льготный',	650,	'Доступен'),
(20, 'Премиум',		1700,	'Доступен'),
(21, 'Стандартный', 1600,	'Доступен'),
(21, 'Льготный',	950,	'Доступен'),
(21, 'Премиум',		2300,	'Продан'),
(22, 'Стандартный', 1300,	'Доступен'),
(22, 'Льготный',	750,	'Доступен'),
(22, 'Премиум',		2000,	'Доступен'),
(23, 'Стандартный', 1500,	'Продан'),
(23, 'Льготный',	850,	'Доступен'),
(23, 'Премиум',		2100,	'Доступен'),
(24, 'Стандартный', 1400,	'Доступен'),
(24, 'Льготный',	850,	'Продан'),
(24, 'Премиум',		2000,	'Доступен'),
(25, 'Стандартный', 1300,	'Доступен'),
(25, 'Льготный',	750,	'Доступен'),
(25, 'Премиум',		1800,	'Доступен'),
(26, 'Стандартный', 1400,	'Доступен'),
(26, 'Льготный',	850,	'Доступен'),
(26, 'Премиум',		2000,	'Доступен'),
(27, 'Стандартный', 1700,	'Доступен'),
(27, 'Льготный',	1000,	'Доступен'),
(27, 'Премиум',		2400,	'Доступен'),
(28, 'Стандартный', 1500,	'Доступен'),
(28, 'Льготный',	850,	'Доступен'),
(28, 'Премиум',		2200,	'Продан'),
(29, 'Стандартный', 1250,	'Доступен'),
(29, 'Льготный',	750,	'Доступен'),
(29, 'Премиум',		1900,	'Продан'),
(30, 'Стандартный', 1600,	'Доступен'),
(30, 'Льготный',	900,	'Доступен'),
(30, 'Премиум',		2100,	'Доступен'),
(31, 'Стандартный', 1500,	'Доступен'),
(31, 'Льготный',	850,	'Доступен'),
(31, 'Премиум',		2200,	'Продан'),
(32, 'Стандартный', 1700,	'Доступен'),
(32, 'Льготный',	1000,	'Доступен'),
(32, 'Премиум',		2400,	'Продан'),
(33, 'Стандартный', 1200,	'Доступен'),
(33, 'Льготный',	750,	'Доступен'),
(33, 'Премиум',		1900,	'Доступен'),
(34, 'Стандартный', 1300,	'Доступен'),
(34, 'Льготный',	800,	'Доступен'),
(34, 'Премиум',		2000,	'Доступен'),
(35, 'Стандартный', 1400,	'Доступен'),
(35, 'Льготный',	850,	'Доступен'),
(35, 'Премиум',		2100,	'Доступен'),
(36, 'Стандартный', 1500,	'Доступен'),
(36, 'Льготный',	900,	'Доступен'),
(36, 'Премиум',		2200,	'Продан'),
(37, 'Стандартный', 1700,	'Доступен'),
(37, 'Льготный',	1000,	'Доступен'),
(37, 'Премиум',		2400,	'Доступен'),
(38, 'Стандартный', 1500,	'Доступен'),
(38, 'Льготный',	850,	'Доступен'),
(38, 'Премиум',		2200,	'Продан'),
(39, 'Стандартный', 1250,	'Доступен'),
(39, 'Льготный',	750,	'Доступен'),
(39, 'Премиум',		1900,	'Доступен'),
(40, 'Стандартный', 1600,	'Доступен'),
(40, 'Льготный',	950,	'Доступен'),
(40, 'Премиум',		2100,	'Доступен'),
(41, 'Стандартный', 1500,	'Доступен'),
(41, 'Льготный',	850,	'Доступен'),
(41, 'Премиум',		2200,	'Продан'),
(42, 'Стандартный', 1700,	'Доступен'),
(42, 'Льготный',	1000,	'Доступен'),
(42, 'Премиум',		2400,	'Продан'),
(43, 'Стандартный', 1300,	'Доступен'),
(43, 'Льготный',	800,	'Доступен'),
(43, 'Премиум',		2000,	'Доступен'),
(44, 'Стандартный', 1400,	'Доступен'),
(44, 'Льготный',	850,	'Доступен'),
(44, 'Премиум',		2100,	'Продан'),
(45, 'Стандартный', 1500,	'Доступен'),
(45, 'Льготный',	900,	'Доступен'),
(45, 'Премиум',		2200,	'Доступен'),
(46, 'Стандартный', 1700,	'Доступен'),
(46, 'Льготный',	1000,	'Доступен'),
(46, 'Премиум',		2400,	'Доступен'),
(47, 'Стандартный', 1500,	'Доступен'),
(47, 'Льготный',	850,	'Доступен'),
(47, 'Премиум',		2200,	'Продан'),
(48, 'Стандартный', 1250,	'Доступен'),
(48, 'Льготный',	750,	'Доступен'),
(48, 'Премиум',		1900,	'Доступен'),
(49, 'Стандартный', 1600,	'Доступен'),
(49, 'Льготный',	950,	'Доступен'),
(49, 'Премиум',		2100,	'Доступен'),
(50, 'Стандартный', 1500,	'Доступен'),
(50, 'Льготный',	850,	'Доступен'),
(50, 'Премиум',		2200,	'Продан');


INSERT INTO Clients (ClientLastName, ClientFirstName, ClientMiddleName, ClientContacts)
VALUES
('Иванов',		'Алексей',		'Викторович',		'7-943-736-63-51'),
('Петров',		'Дмитрий',		'Анатольевич',		'7-935-622-14-30'),
('Сидоров',		'Сергей',		'Петрович',			'7-914-348-29-07'),
('Кузнецов',	'Михаил',		'Иванович',			'7-921-573-46-88'),
('Попов',		'Андрей',		'Геннадьевич',		'7-937-424-58-11'),
('Смирнов',		'Егор',			'Владимирович',		'7-930-485-64-45'),
('Морозов',		'Роман',		'Сергеевич',		'7-903-295-41-92'),
('Васильев',	'Владислав',	'Максимович',		'7-947-536-80-19'),
('Федоров',		'Никита',		'Викторович',		'7-953-824-56-13'),
('Чернов',		'Константин',	'Олегович',			'7-926-537-75-88'),
('Григорьев',	'Олег',			'Вячеславович',		'7-920-647-78-99'),
('Николаев',	'Анатолий',		'Егорович',			'7-944-732-56-03'),
('Зайцев',		'Виктор',		'Николаевич',		'7-930-111-22-31'),
('Лебедев',		'Артем',		'Владимирович',		'7-937-366-74-08'),
('Михайлов',	'Петр',			'Яковлевич',		'7-914-857-09-76'),
('Новиков',		'Илья',			'Михайлович',		'7-923-719-57-65'),
('Ковалев',		'Денис',		'Григорьевич',		'7-916-582-04-37'),
('Соколов',		'Иван',			'Игоревич',			'7-917-938-47-12'),
('Воронов',		'Кирилл',		'Андреевич',		'7-940-370-29-20'),
('Дьяков',		'Николай',		'Тимофеевич',		'7-949-583-24-15'),
('Романов',		'Максим',		'Федорович',		'7-912-356-10-77'),
('Потапов',		'Даниил',		'Павлович',			'7-935-842-15-40'),
('Тимофеев',	'Александр',	'Феликсович',		'7-937-222-64-12'),
('Мартынов',	'Евгений',		'Дмитриевич',		'7-903-542-97-66'),
('Шевчук',		'Алексей',		'Станиславович',	'7-922-723-88-09'),
('Жуков',		'Степан',		'Петрвич',			'7-905-668-40-59'),
('Андреев',		'Виктор',		'Романович',		'7-924-582-17-60'),
('Карпов',		'Геннадий',		'Денисович',		'7-920-431-90-18'),
('Гусев',		'Михаил',		'Семенович',		'7-915-285-60-45'),
('Кириллов',	'Дмитрий',		'Павлович',			'7-923-776-20-05'),
('Крылов',		'Максим',		'Юрьевич',			'7-907-515-97-36'),
('Фролов',		'Тимур',		'Сергейевич',		'7-908-381-85-28'),
('Владимиров',	'Петр',			'Станиславович',	'7-937-900-76-11'),
('Тимофеев',	'Сергей',		'Геннадьевич',		'7-920-646-18-79'),
('Дмитриев',	'Вадим',		'Викторович',		'7-945-205-10-71'),
('Беляев',		'Александр',	'Федорович',		'7-930-649-87-59'),
('Капустин',	'Сергей',		'Васильевич',		'7-952-100-94-31'),
('Егоров',		'Вячеслав',		'Михайлович',		'7-911-576-83-27'),
('Ларин',		'Роман',		'Владимирович',		'7-924-876-23-94'),
('Соловьев',	'Юрий',			'Григорьевич',		'7-930-328-47-65'),
('Гребнев',		'Алексей',		'Тимофеевич',		'7-925-612-32-83'),
('Федотов',		'Игорь',		'Павлович',			'7-913-854-74-15'),
('Степанов',	'Дмитрий',		'Николаевич',		'7-937-533-21-48'),
('Баранов',		'Артем',		'Игоревич',			'7-920-184-63-92'),
('Куликов',		'Петр',			'Романович',		'7-923-109-84-03'),
('Сергеев',		'Андрей',		'Егорович',			'7-927-944-28-67'),
('Копылов',		'Сергей',		'Анатольевич',		'7-931-302-76-18'),
('Яковлев',		'Константин',	'Николаевич',		'7-935-106-62-40'),
('Гаврилов',	'Михаил',		'Сергеевич',		'7-921-876-45-32'),
('Медведев',	'Виктор',		'Дмитриевич',		'7-945-987-60-43'),
('Ковальчук',	'Евгений',		'Александрович',	'7-903-731-11-65'),
('Тарасов',		'Петр',			'Федорович',		'7-907-459-37-56'),
('Рябов',		'Игорь',		'Дмитриевич',		'7-925-867-20-12'),
('Кононов',		'Анатолий',		'Вячеславович',		'7-943-108-72-33'),
('Горбунов',	'Илья',			'Николаевич',		'7-915-734-52-46'),
('Пахомов',		'Сергей',		'Петрович',			'7-932-617-29-18'),
('Яшин',		'Юрий',			'Михайлович',		'7-926-250-73-29'),
('Шмидт',		'Андрей',		'Геннадьевич',		'7-933-306-78-61'),
('Денисов',		'Дмитрий',		'Олегович',			'7-944-819-31-72'),
('Калинин',		'Вячеслав',		'Геннадьевич',		'7-924-602-18-48'),
('Рожков',		'Роман',		'Сергеевич',		'7-935-189-66-72'),
('Чесноков',	'Виталий',		'Юрьевич',			'7-920-881-60-94'),
('Мельников',	'Петр',			'Александрович',	'7-914-801-38-28'),
('Соболев',		'Денис',		'Игоревич',			'7-922-773-94-26'),
('Скворцов',	'Алексей',		'Романович',		'7-923-677-53-21'),
('Громов',		'Юрий',			'Семенович',		'7-930-135-68-74'),
('Филиппов',	'Григорий',		'Иванович',			'7-940-216-39-03'),
('Демидов',		'Сергей',		'Андреевич',		'7-907-372-44-75'),
('Калугин',		'Артем',		'Григорьевич',		'7-905-682-10-58'),
('Сидоренко',	'Максим',		'Петрович',			'7-925-950-30-02'),
('Бекетов',		'Владимир',		'Станиславович',	'7-932-634-18-12'),
('Кочетков',	'Роман',		'Юрьевич',			'7-915-791-25-62'),
('Царев',		'Вячеслав',		'Васильевич',		'7-920-137-58-35'),
('Шарапов',		'Геннадий',		'Романович',		'7-944-981-57-21'),
('Мещеряков',	'Андрей',		'Семенович',		'7-903-508-92-41'),
('Голубев',		'Дмитрий',		'Николаевич',		'7-929-503-37-55'),
('Елисеева',	'Нина',			'Станиславовна',	'7-916-358-93-74'),
('Шашкова',		'Елена',		'Сергеевна',		'7-932-704-58-91'),
('Малова',		'Ольга',		'Петровна',			'7-916-247-19-64'),
('Виноградова', 'Татьяна',		'Анатольевна',		'7-913-274-52-38'),
('Боброва',		'Мария',		'Владимировна',		'7-903-461-20-57'),
('Головин',		'Игорь',		'Павлович',			'7-920-813-94-66'),
('Тихомирова',	'Оксана',		'Ивановна',			'7-937-426-61-52'),
('Калмыков',	'Василий',		'Андреевич',		'7-905-715-28-93'),
('Кириленко',	'Елена',		'Викторовна',		'7-927-113-22-01'),
('Михайлова',	'Людмила',		'Васильевна',		'7-915-642-90-74'),
('Груздева',	'Екатерина',	'Дмитриевна',		'7-939-801-62-59'),
('Терентьев',	'Роман',		'Анатольевич',		'7-922-344-51-65'),
('Фролова',		'Нина',			'Геннадьевна',		'7-927-558-71-20'),
('Шереметова',	'Алина',		'Петровна',			'7-919-274-03-68'),
('Соловьёва',	'Наталья',		'Валентиновна',		'7-945-438-95-03'),
('Бенашвили',	'Георгий',		'Игоревич',			'7-916-381-12-27'),
('Филатова',	'Анна',			'Михайловна',		'7-926-231-88-40'),
('Курочкина',	'Светлана',		'Николаевна',		'7-919-245-77-11'),
('Панкова',		'Марина',		'Григорьевна',		'7-945-520-66-92'),
('Гридина',		'Татьяна',		'Фёдоровна',		'7-903-617-55-66'),
('Шмидтова',	'Галина',		'Анатольевна',		'7-911-899-47-70'),
('Кузьмина',	'Ирина',		'Сергеевна',		'7-921-348-92-56'),
('Куликова',	'Людмила',		'Юрьевна',			'7-931-546-01-04'),
('Квашнина',	'Юлия',			'Викторовна',		'7-912-221-74-33'),
('Шаповалова',	'Вероника',		'Ивановна',			'7-937-249-76-88'),
('Шмидт',		'Николай',		'Геннадьевич',		'7-923-692-84-95'),
('Дубровина',	'Маргарита',	'Алексеевна',		'7-930-741-92-08'),
('Черкасова',	'Марина',		'Анатольевна',		'7-938-738-65-52'),
('Гавриленко',	'Людмила',		'Дмитриевна',		'7-919-576-58-69'),
('Степанова',	'Евгения',		'Николаевна',		'7-922-759-94-22'),
('Полякова',	'Ольга',		'Григорьевна',		'7-914-332-50-89'),
('Иванова',		'Светлана',		'Павловна',			'7-937-832-63-50'),
('Шахова',		'Анжела',		'Александровна',	'7-920-496-79-39'),
('Лаврова',		'Кристина',		'Романовна',		'7-927-736-24-91'),
('Никитина',	'Валентина',	'Евгеньевна',		'7-907-283-10-88'),
('Томилова',	'Екатерина',	'Геннадьевна',		'7-930-185-91-47'),
('Семенова',	'Ирина',		'Станиславовна',	'7-945-243-16-84'),
('Трубникова',	'Анна',			'Михайловна',		'7-911-972-55-63'),
('Кузина',		'Людмила',		'Фёдоровна',		'7-914-764-17-49'),
('Мельникова',	'Елена',		'Дмитриевна',		'7-921-647-02-80'),
('Попова',		'Наталья',		'Сергеевна',		'7-908-359-68-14'),
('Ковальчук',	'Вера',			'Анатольевна',		'7-905-679-91-45'),
('Леонова',		'Светлана',		'Геннадьевна',		'7-912-503-64-55'),
('Водянова',	'Людмила',		'Петровна',			'7-925-477-09-16'),
('Кирсанова',	'Юлия',			'Романовна',		'7-937-411-59-79'),
('Романова',	'Светлана',		'Вячеславовна',		'7-919-258-04-65'),
('Львова',		'Надежда',		'Олеговна',			'7-923-777-09-48'),
('Дроздова',	'Валерия',		'Тимофеевна',		'7-902-857-40-65'),
('Федорова',	'Юлия',			'Викторовна',		'7-905-639-92-51'),
('Жукова',		'Марина',		'Фёдоровна',		'7-920-856-13-28'),
('Калинина',	'Екатерина',	'Сергеевна',		'7-926-489-77-20'),
('Смирнова',	'Алена',		'Дмитриевна',		'7-914-729-60-31'),
('Савина',		'Нина',			'Сергеевна',		'7-922-742-67-12'),
('Денисова',	'Юлия',			'Геннадьевна',		'7-931-678-83-94'),
('Калюжная',	'Марина',		'Петровна',			'7-905-382-60-74'),
('Тимофеева',	'Людмила',		'Вячеславовна',		'7-908-263-17-42'),
('Рыжова',		'Маргарита',	'Александровна',	'7-923-481-26-11'),
('Шевченко',	'Ирина',		'Юрьевна',			'7-931-684-72-59'),
('Костина',		'Олеся',		'Викторовна',		'7-905-773-94-28'),
('Давыдов',		'Игорь',		'Вячеславович',		'7-908-456-83-95'),
('Лаврентьева', 'Нина',			'Петровна',			'7-919-261-89-66'),
('Кравченко',	'Юлия',			'Григорьевна',		'7-925-850-17-70'),
('Дорошенко',	'Светлана',		'Ивановна',			'7-911-633-22-07'),
('Смирнов',		'Владимир',		'Геннадьевич',		'7-920-551-29-34'),
('Иванова',		'Екатерина',	'Николаевна',		'7-939-743-95-06'),
('Чистякова',	'Марина',		'Васильевна',		'7-920-603-67-48'),
('Семенова',	'Евгения',		'Анатольевна',		'7-905-312-94-86'),
('Фролова',		'Анастасия',	'Фёдоровна',		'7-911-694-25-79'),
('Краснова',	'Елена',		'Николаевна',		'7-931-254-18-11'),
('Романова',	'Татьяна',		'Александровна',	'7-937-702-44-65'),
('Захарова',	'Валентина',	'Сергеевна',		'7-914-762-95-42'),
('Шмидт',		'Анатолий',		'Валерьевич',		'7-905-117-92-15'),
('Чернышова',	'Ирина',		'Михайловна',		'7-920-763-38-82'),
('Орлова',		'Наталья',		'Станиславовна',	'7-919-314-70-77'),
('Григорьев',	'Сергей',		'Павлович',			'7-927-605-13-94'),
('Васильева',	'Маргарита',	'Николаевна',		'7-908-289-50-72'),
('Кочеткова',	'Светлана',		'Геннадьевна',		'7-914-288-39-84'),
('Иванов',		'Дмитрий',		'Викторович',		'7-905-831-54-68'),
('Мельникова',	'Вера',			'Сергеевна',		'7-926-310-56-51'),
('Тимофеева',	'Ольга',		'Анатольевна',		'7-939-254-81-03'),
('Беляева',		'Нина',			'Петровна',			'7-908-305-63-15'),
('Чехова',		'Светлана',		'Анатольевна',		'7-919-635-27-60'),
('Фролов',		'Юрий',			'Иванович',			'7-912-450-15-68'),
('Кудрявцева',	'Юлия',			'Михайловна',		'7-925-122-39-12'),
('Кузнецова',	'Ольга',		'Геннадьевна',		'7-930-151-88-02'),
('Фёдорова',	'Анна',			'Александровна',	'7-922-787-42-51'),
('Степанова',	'Евгения',		'Петровна',			'7-937-928-37-80'),
('Лебедева',	'Светлана',		'Григорьевна',		'7-905-655-71-13'),
('Муромцева',	'Лариса',		'Николаевна',		'7-919-843-62-48'),
('Иванова',		'Марина',		'Юрьевна',			'7-931-269-71-97'),
('Дьякова',		'Юлия',			'Павловна',			'7-915-817-42-66'),
('Головин',		'Сергей',		'Юрьевич',			'7-905-401-52-22'),
('Скороходова', 'Татьяна',		'Михайловна',		'7-926-850-72-37'),
('Потапова',	'Людмила',		'Геннадьевна',		'7-908-496-01-63'),
('Дерябина',	'Нина',			'Васильевна',		'7-912-781-96-11'),
('Алексеева',	'Елена',		'Ивановна',			'7-919-430-71-22'),
('Воробьёва',	'Светлана',		'Романовна',		'7-907-506-34-77'),
('Мурзина',		'Валерия',		'Петровна',			'7-922-487-08-56'),
('Николаева',	'Анна',			'Анатольевна',		'7-905-789-66-50'),
('Широкова',	'Ольга',		'Владимировна',		'7-931-736-60-94'),
('Грекова',		'Виктория',		'Александровна',	'7-920-588-81-09'),
('Павловская', 'Татьяна',		'Петровна',			'7-925-347-28-36'),
('Долгова',		'Марина',		'Николаевна',		'7-914-508-65-28'),
('Власова',		'Татьяна',		'Валентиновна',		'7-939-800-22-34'),
('Королева',	'Ирина',		'Юрьевна',			'7-908-296-11-45'),
('Гурьева',		'Елена',		'Михайловна',		'7-926-859-31-72'),
('Сиверова',	'Наталья',		'Романовна',		'7-907-631-58-96'),
('Карпова',		'Юлия',			'Викторовна',		'7-919-315-77-88'),
('Никитина',	'Татьяна',		'Станиславовна',	'7-905-706-48-97');


INSERT INTO Repair (BusID, RepairStatus, RepairNotes)
VALUES
(3,		'На ремонте',	'Неисправность двигателя, требуется полная замена системы питания'),
(16,	'На ремонте',	'Проблемы с трансмиссией, необходимо заменить трансмиссионное масло'),
(22,	'На ремонте',	'Неисправность системы подвески, требуется замена амортизаторов'),
(23,	'На ремонте',	'Неисправности в системе охлаждения, требуется замена радиатора'),
(27,	'На ремонте',	'Проблемы с тормозной системой, необходима замена тормозных дисков'),
(38,	'На ремонте',	'Течи в топливной системе, требуется замена топливных шлангов'),
(1,		'Завершен',		'Ремонт системы отопления, заменен радиатор'),
(2,		'Завершен',		'Ремонт трансмиссии, заменен сцепление'),
(4,		'Завершен',		'Ремонт тормозной системы, заменены тормозные колодки'),
(5,		'Завершен',		'Ремонт системы охлаждения, заменен радиатор'),
(6,		'Завершен',		'Замена аккумулятора и системы питания'),
(7,		'Завершен',		'Ремонт подвески, заменены амортизаторы'),
(8,		'Завершен',		'Ремонт кондиционера, заменены фильтры'),
(9,		'Завершен',		'Ремонт рулевого управления, заменены компоненты'),
(10,	'Завершен',		'Ремонт двигателя, заменены свечи и система питания'),
(11,	'Завершен',		'Проведена замена масла в трансмиссии'),
(12,	'Завершен',		'Ремонт тормозной системы, заменены тормозные диски'),
(13,	'Завершен',		'Замена системы охлаждения, установлены новые насосы'),
(14,	'Завершен',		'Ремонт кузова, устранены повреждения после ДТП'),
(15,	'Завершен',		'Проведена замена трансмиссии и сцепления'),
(17,	'Завершен',		'Ремонт тормозной системы, установлены новые колодки'),
(18,	'Завершен',		'Замена амортизаторов и восстановления подвески'),
(19,	'Завершен',		'Ремонт двигателя, заменены компоненты системы питания'),
(20,	'Завершен',		'Ремонт кондиционера, заменены компоненты системы'),
(21,	'Завершен',		'Замена трансмиссии, проведена диагностика'),
(24,	'Завершен',		'Ремонт тормозной системы, заменены тормозные диски'),
(25,	'Завершен',		'Проведена замена аккумулятора и системы охлаждения'),
(26,	'Завершен',		'Ремонт рулевого управления, установлены новые компоненты'),
(28,	'Завершен',		'Ремонт кузова, устранены повреждения и коррозия'),
(29,	'Завершен',		'Проведена диагностика двигателя, заменены фильтры'),
(30,	'Завершен',		'Ремонт трансмиссии, заменены детали сцепления'),
(31,	'Завершен',		'Ремонт системы охлаждения, установлены новые термостаты'),
(32,	'Завершен',		'Ремонт тормозной системы, заменены тормозные колодки и диски'),
(33,	'Завершен',		'Замена системы питания и аккумулятора'),
(34,	'Завершен',		'Ремонт системы подвески, установлены новые амортизаторы'),
(35,	'Завершен',		'Ремонт рулевого управления, заменены элементы руля'),
(36,	'Завершен',		'Ремонт двигателя, проведена полная замена системы питания'),
(39,	'Завершен',		'Ремонт кондиционера, установлены новые фильтры и компоненты'),
(40,	'Завершен',		'Ремонт трансмиссии, заменены сцепление и трансмиссионное масло'),
(41,	'Завершен',		'Замена амортизаторов и установка новых пружин'),
(42,	'Завершен',		'Ремонт кузова, устранены повреждения после аварии'),
(43,	'Завершен',		'Ремонт тормозной системы, установлены новые колодки'),
(44,	'Завершен',		'Ремонт рулевого управления, заменены старые детали'),
(45,	'Завершен',		'Замена трансмиссии и системы охлаждения'),
(46,	'Завершен',		'Ремонт кузова, восстановлены поврежденные элементы'),
(47,	'Завершен',		'Замена системы отопления и кондиционера'),
(48,	'Завершен',		'Ремонт тормозной системы, заменены тормозные диски и колодки'),
(49,	'Завершен',		'Ремонт рулевого управления, установлены новые компоненты'),
(50,	'Завершен',		'Проведена диагностика двигателя, установлены новые детали'),
(1,		'Завершен',		'Ремонт системы охлаждения, заменены водяные насосы и радиатор');